Afghanistan;AFG;Afghanistan.png
Netherlands Antilles;AHO;Netherlands_Antilles.png
Albania;ALB;Albania.png
Algeria;ALG;Algeria.png
Andorra;AND;Andorra.png
Angola;ANG;Angola.png
Antigua and Barbuda;ANT;Antigua_and_Barbuda.png
Argentina;ARG;Argentina.png
Armenia;ARM;Armenia.png
Aruba;ARU;Aruba.png
American Samoa;ASA;American_Samoa.png
Australia;AUS;Australia.png
Austria;AUT;Austria.png
Azerbaijan;AZE;Azerbaijan.png
Bahamas;BAH;Bahamas.png
Bangladesh;BAN;Bangladesh.png
Barbados;BAR;Barbados.png
Burundi;BDI;Burundi.png
Belgium;BEL;Belgium.png
Benin;BEN;Benin.png
Bermuda;BER;Bermuda.png
Bhutan;BHU;Bhutan.png
Bosnia and Herzegovina;BIH;
Belize;BIZ;Belize.png
Belarus;BLR;Belarus.png
Bolivia;BOL;Bolivia.png
Botswana;BOT;Botswana.png
Brazil;BRA;Brazil.png
Bahrain;BRN;Bahrain.png
Brunei;BRU;Brunei.png
Bulgaria;BUL;Bulgaria.png
Burkina Faso;BUR;Burkina_Faso.png
Central African Republic;CAF;Central_African_Republic.png
Cambodia;CAM;Cambodia.png
Canada;CAN;Canada.png
Cayman Islands;CAY;Cayman_Islands.png
Congo;CGO;
Chad;CHA;Chad.png
Chile;CHI;Chile.png
China;CHN;China.png
Côte d'Ivoire;CIV;
Cameroon;CMR;Cameroon.png
DR Congo;COD;
Cook Islands;COK;Cook_Islands.png
Colombia;COL;Colombia.png
Comoros;COM;Comoros.png
Cape Verde;CPV;Cape_Verde.png
Costa Rica;CRC;Costa_Rica.png
Croatia;CRO;Croatia.png
Cuba;CUB;Cuba.png
Cyprus;CYP;Cyprus.png
Czech Republic;CZE;Czech_Republic.png
Denmark;DEN;Denmark.png
Djibouti;DJI;Djibouti.png
Dominica;DMA;Dominica.png
Dominican Republic;DOM;Dominican_Republic.png
Ecuador;ECU;Ecuador.png
Egypt;EGY;Egypt.png
Eritrea;ERI;Eritrea.png
El Salvador;ESA;El_Salvador.png
Spain;ESP;Spain.png
Estonia;EST;Estonia.png
Ethiopia;ETH;Ethiopia.png
Fiji;FIJ;Fiji.png
Finland;FIN;Finland.png
France;FRA;France.png
Micronesia;FSM;Micronesia.png
Gabon;GAB;Gabon.png
Gambia;GAM;Gambia.png
Great Britain;GBR;United_Kingdom.png
Guinea-Bissau;GBS;Guinea_Bissau.png
Georgia;GEO;Georgia.png
Equatorial Guinea;GEQ;Equatorial_Guinea.png
Germany;GER;Germany.png
Ghana;GHA;Ghana.png
Greece;GRE;Greece.png
Grenada;GRN;Grenada.png
Guatemala;GUA;Guatemala.png
Guinea;GUI;Guinea.png
Guam;GUM;Guam.png
Guyana;GUY;Guyana.png
Haiti;HAI;Haiti.png
Hong Kong;HKG;Hong_Kong.png
Honduras;HON;Honduras.png
Hungary;HUN;Hungary.png
Indonesia;INA;Indonesia.png
India;IND;India.png
Iran;IRI;Iran.png
Ireland;IRL;Ireland.png
Iraq;IRQ;Iraq.png
Iceland;ISL;Iceland.png
Israel;ISR;Israel.png
Virgin Islands;ISV;
Italy;ITA;Italy.png
British Virgin Islands;IVB;
Jamaica;JAM;Jamaica.png
Jordan;JOR;Jordan.png
Japan;JPN;Japan.png
Kazakhstan;KAZ;Kazakhstan.png
Kenya;KEN;Kenya.png
Kyrgyzstan;KGZ;Kyrgyzstan.png
Kiribati;KIR;Kiribati.png
South Korea;KOR;South_Korea.png
Saudi Arabia;KSA;Saudi_Arabia.png
Kuwait;KUW;Kuwait.png
Laos;LAO;Laos.png
Latvia;LAT;Latvia.png
Libya;LBA;Libya.png
Liberia;LBR;Liberia.png
Saint Lucia;LCA;Saint_Lucia.png
Lesotho;LES;Lesotho.png
Lebanon;LIB;Lebanon.png
Liechtenstein;LIE;Liechtenstein.png
Lithuania;LTU;Lithuania.png
Luxembourg;LUX;Luxembourg.png
Madagascar;MAD;Madagascar.png
Morocco;MAR;Morocco.png
Malaysia;MAS;Malaysia.png
Malawi;MAW;Malawi.png
Moldova;MDA;Moldova.png
Maldives;MDV;Maldives.png
Mexico;MEX;Mexico.png
Mongolia;MGL;Mongolia.png
Marshall Islands;MHL;Marshall_Islands.png
Macedonia;MKD;Macedonia.png
Mali;MLI;Mali.png
Malta;MLT;Malta.png
Montenegro;MNE;
Monaco;MON;Monaco.png
Mozambique;MOZ;Mozambique.png
Mauritius;MRI;Mauritius.png
Mauritania;MTN;Mauritania.png
Myanmar;MYA;Myanmar.png
Namibia;NAM;Namibia.png
Nicaragua;NCA;Nicaragua.png
Netherlands;NED;Netherlands.png
Nepal;NEP;Nepal.png
Nigeria;NGR;Nigeria.png
Niger;NIG;Niger.png
Norway;NOR;Norway.png
Nauru;NRU;Nauru.png
New Zealand;NZL;New_Zealand.png
Oman;OMA;Oman.png
Pakistan;PAK;Pakistan.png
Panama;PAN;Panama.png
Paraguay;PAR;Paraguay.png
Peru;PER;Peru.png
Philippines;PHI;Philippines.png
Palestine;PLE;
Palau;PLW;Palau.png
Papua New Guinea;PNG;Papua_New_Guinea.png
Poland;POL;Poland.png
Portugal;POR;Portugal.png
North Korea;PRK;North_Korea.png
Puerto Rico;PUR;Puerto_Rico.png
Qatar;QAT;Qatar.png
Romania;ROU;Romania.png
South Africa;RSA;South_Africa.png
Russia;RUS;Russian_Federation.png
Rwanda;RWA;Rwanda.png
Samoa;SAM;Samoa.png
Senegal;SEN;Senegal.png
Seychelles;SEY;
Singapore;SIN;Singapore.png
Saint Kitts and Nevis;SKN;Saint_Kitts_and_Nevis.png
Sierra Leone;SLE;Sierra_Leone.png
Slovenia;SLO;Slovenia.png
San Marino;SMR;San_Marino.png
Solomon Islands;SOL;Soloman_Islands.png
Somalia;SOM;Somalia.png
Serbia;SRB;
Sri Lanka;SRI;Sri_Lanka.png
São Tomé and Príncipe;STP;Sao_Tom‚_and_Pr¡ncipe.png
Sudan;SUD;Sudan.png
Switzerland;SUI;Switzerland.png
Suriname;SUR;Suriname.png
Slovakia;SVK;Slovakia.png
Sweden;SWE;Sweden.png
Swaziland;SWZ;Swaziland.png
Syria;SYR;Syria.png
Tanzania;TAN;Tanzania.png
Tonga;TGA;Tonga.png
Thailand;THA;Thailand.png
Tajikistan;TJK;Tajikistan.png
Turkmenistan;TKM;Turkmenistan.png
Timor-Leste;TLS;
Togo;TOG;Togo.png
Chinese Taipei;TPE;Taiwan.png
Trinidad and Tobago;TRI;Trinidad_and_Tobago.png
Tunisia;TUN;Tunisia.png
Turkey;TUR;Turkey.png
Tuvalu;TUV;Tuvalu.png
United Arab Emirates;UAE;
Uganda;UGA;Uganda.png
Ukraine;UKR;Ukraine.png
Uruguay;URU;Uruguay.png
United States;USA;United_States_of_America.png
Uzbekistan;UZB;Uzbekistan.png
Vanuatu;VAN;Vanuatu.png
Venezuela;VEN;Venezuela.png
Vietnam;VIE;Vietnam.png
Saint Vincent and the Grenadines;VIN;Saint_Vicent_and_the_Grenadines.png
Yemen;YEM;Yemen.png
Zambia;ZAM;Zambia.png
Zimbabwe;ZIM;Zimbabwe.png
